
DELETE from judete;
INSERT INTO judete VALUES('IS','Iasi','Moldova');		
INSERT INTO judete VALUES('SV','Suceava','Moldova');		
INSERT INTO judete VALUES('VS','Vaslui','Moldova');		
INSERT INTO judete VALUES('TM','Timis','Banat');		
INSERT INTO judete VALUES('BC','Bacau','Moldova');
INSERT INTO judete VALUES('CT','Constanta','Dobrogea');
INSERT INTO judete VALUES('MM','Maramures','Oltenia');
INSERT INTO judete VALUES('NT','Neamt','Moldova');
INSERT INTO judete VALUES('SB','Sibiu','Ardeal');		
INSERT INTO judete VALUES('VN','Vrancea','Moldova');
INSERT INTO judete VALUES('HN','Hunedoara','Dobrogea');
INSERT INTO judete VALUES('CL','Calarasi','Transilvania');
INSERT INTO judete VALUES('B','Bucuresti','Muntenia');
INSERT INTO judete VALUES('CJ','Cluj Napoca','Ardeal');
INSERT INTO judete VALUES('AB','Alba Iulia','Muntenia');
INSERT INTO judete VALUES('MS','Mures','Ardeal');
INSERT INTO judete VALUES('GL','Galati','Moldova');
INSERT INTO judete VALUES('SM','Satu Mare','Ardeal');
INSERT INTO judete VALUES('BN','Bistrita Nasaud','Muntenia');
INSERT INTO judete VALUES('TL','Tulcea','Ardeal');
INSERT INTO judete VALUES('CS','Caransebes','Ardeal');
INSERT INTO judete VALUES('BV','Brasov','Transilvania');
INSERT INTO judete VALUES('PH','Prahova','Dobrogea');
INSERT INTO judete VALUES('GR','Giurgiu','Banat');
INSERT INTO judete VALUES('AG','Arges','Transilvania');
INSERT INTO judete VALUES('BZ','Buzau','Dobrogea');
INSERT INTO judete VALUES('BR','Braila','Moldova');
INSERT INTO judete VALUES('DJ','Dolj','Muntenia');
INSERT INTO judete VALUES('BH','Bihor','Dobrogea');

DELETE from localitati;
INSERT INTO localitati VALUES(6600,'Iasi','IS');
INSERT INTO localitati VALUES(5800,'Suceava','SV');
INSERT INTO localitati VALUES(6500,'Vaslui','VS');
INSERT INTO localitati VALUES(1900,'Timis','TM');
INSERT INTO localitati VALUES(6687,'Onesti','BC');
INSERT INTO localitati VALUES(8700,'Constanta','CT');
INSERT INTO localitati VALUES(2900,'Arad','MM');
INSERT INTO localitati VALUES(5550,'Roman','NT');		
INSERT INTO localitati VALUES(2400,'Sibiu','SB');
INSERT INTO localitati VALUES(5300,'Vrancea','VN');
INSERT INTO localitati VALUES(2750,'Hunedoara','HN');
INSERT INTO localitati VALUES(8500,'Calarasi','CL');
INSERT INTO localitati VALUES(7000,'Bucuresti','B');
INSERT INTO localitati VALUES(3400,'Cluj Napoca','CJ');
INSERT INTO localitati VALUES(2700,'Alba Iulia','AB');
INSERT INTO localitati VALUES(4300,'Targu Mures','MS');
INSERT INTO localitati VALUES(6200,'Galati','GL');
INSERT INTO localitati VALUES(3900,'Satu Mare','SM');

DELETE FROM stadioane;
INSERT INTO stadioane VALUES(123,'Wembley',10000,6600);
INSERT INTO stadioane VALUES(201,'Floreasca',11000,5800);
INSERT INTO stadioane VALUES(126,'Ghencea',12000,6500);
INSERT INTO stadioane VALUES(721,'Emil Alexandrescu',13000,1900);
INSERT INTO stadioane VALUES(243,'San Siro',14000,6687);
INSERT INTO stadioane VALUES(263,'Maracana',15000,8700);
INSERT INTO stadioane VALUES(277,'San Ber Naben',16000,2900);
INSERT INTO stadioane VALUES(835,'Old Crafford',17000,5550);
INSERT INTO stadioane VALUES(651,'Lia Manoliu',18000,2400);
INSERT INTO stadioane VALUES(269,'Non Camp',19000,5300);
INSERT INTO stadioane VALUES(276,'Highpury',20000,2750);
INSERT INTO stadioane VALUES(122,'Ed Tardini',21000,8500);
INSERT INTO stadioane VALUES(363,'Dinamo',22000,7000);
INSERT INTO stadioane VALUES(479,'Tineretului',23000,3400);
INSERT INTO stadioane VALUES(165,'Parc De Princes',24000,2700);
INSERT INTO stadioane VALUES(265,'Eland Road',25000,4300);
INSERT INTO stadioane VALUES(499,'Verdi Rodo',26000,6200);
INSERT INTO stadioane VALUES(189,'Corrint',27000,3900);


DELETE FROM divizii;
INSERT INTO divizii VALUES('A','Divizia A');
INSERT INTO divizii VALUES('B','Divizia B');
INSERT INTO divizii VALUES('C','Divizia C');
INSERT INTO divizii VALUES('D','Divizia D');

DELETE from echipe;
INSERT INTO echipe VALUES(1,'Steaua','Rosu','0740152808',20,7000,'A');
INSERT INTO echipe VALUES(2,'Gloria','Albastru','0723748958',21,6600,'B');
INSERT INTO echipe VALUES(3,'Dinamo','Negru','0742567932',19,5800,'C');
INSERT INTO echipe VALUES(4,'Unirea','Verde','0742357648',18,5550,'D');
INSERT INTO echipe VALUES(5,'Rapid','Galben','0723546758',28,8500,'A');


DELETE FROM jucatori;
INSERT INTO jucatori VALUES('13568','Popescu','Marian','Garii,Bl.B4,Sc.A,Ap.1',1,'1821208226768','0742637899','0232142325','coco@yahoo.com');                                                  
INSERT INTO jucatori VALUES('37679','Mares','Bogdan','M.Kogalniceanu,27',2,'1900892762389','0788365296','0614273425','preist@yahoo.com');	
INSERT INTO jucatori VALUES('83746','Silian','Cristi','Stefan Cel Mare,34',3,'1861218226768','0744278505','2031241536','suflet@yahoo.com');
INSERT INTO jucatori VALUES('90875','Catalin','Botez','S.Silvestru,Bl.A5,Sc.B,Ap.13',4,'1822208226768','0723153758','0247281929','dan1@yahoo.com');	
INSERT INTO jucatori VALUES('30970','Gaspar','Mihai','Calarasi,18',5,'1829208726768','0742365849','0342176288','iris@yahoo.com');	
INSERT INTO jucatori VALUES('28298','Prisec','Sorin','Sarariei,46',1,'1823218222768','0745283273','0235172281','gift@yahoo.com');	
INSERT INTO jucatori VALUES('83749','Gica','Sorin','I.Creanga,Bl.D3,Sc.C,Ap.24',2,'1891205226768','0740384393','0236129182','loveme@yahoo.com');	
INSERT INTO jucatori VALUES('97863','Gurca','Mircea','M.Eminescu,23',3,'1824208266708','0788463759','0341291022','buulit@yahoo.com');	
INSERT INTO jucatori VALUES('77735','Sandu','Tudor','Ralet,17',4,'6821908220768','0722847506','1203217382','cracker@yahoo.com');	
INSERT INTO jucatori VALUES('10037','Rusu','Cosmin','T.Paladi,14',5,'1821208226068','0744029292','0321425152','cosminr@yahoo.com');	
INSERT INTO jucatori VALUES('89037','Leonte','Neculai','V.Micle,27',1,'1927258226768','0740857395','0221523143','leonte@yahoo.com');	
INSERT INTO jucatori VALUES('23780','Pavel','Cristian','Pacurari,Bl.B2,Sc.C,Ap.2',2,'1871908246768','0788352711','0342302513','pavle@yahoo.com');
INSERT INTO jucatori VALUES('18884','Narcis','Serban','Primaverii,Bl.A2,Sc.A,Ap.10',3,'1921238226968','0742637844','0352121116','serban@yahoo.com');
INSERT INTO jucatori VALUES('20292','Nastase','Marian','Carol cel Mare,Bl.B3,Sc.C,Ap.26',4,'1831206226968','0742188882','0352182281','marian@pif.com');
INSERT INTO jucatori VALUES('89034','Borzac','Ioan','V.Lupu,Bl.A5,Sc.A,Ap.7',5,'1822208726968','0788635555','0412218474','ioan@yahoo.com');
INSERT INTO jucatori VALUES('38906','Constantin','Ion','I.L.Caragiale,25',1,'1821608206766','0722665884','0231537328','const@yahoo.com');
INSERT INTO jucatori VALUES('83921','Enache','Ionut','Cal.Chisinaului,52',2,'182220722476','0745228839','0371429327','ionut@yahoo.com');
INSERT INTO jucatori VALUES('31737','Teodorel','Liviu','Sos.Nationala,Bl.A3,Sc.B,AP.4',3,'1851288216768','0742342716','0231524115','liviu@yahoo.com');
INSERT INTO jucatori VALUES('63045','Rosu','Laurentiu','Moara.De.Foc,13',4,'1822278246168','0788463849','0214521661','laurentiu@yahoo.com');
INSERT INTO jucatori VALUES('31739','Toma','Robert','M.Sadoveanu,Bl.B2,Sc.A,Ap.10',5,'1821808296738','0745362711','0232453627','robert@yahoo.com');
INSERT INTO jucatori VALUES('59301','Dontov','Valentin','Impacarii,Bl.A1,Sc.A,AP.12',1,'1821298626738','0788001748','0221425162','valentin@yahoo.com');
INSERT INTO jucatori VALUES('17089','Jijie','Tudor','A.Lapusneanu,Bl.C1,Sc.B,Ap,32',2,'1821508526758','0722451167','0261241312','tudor@yahoo.com');
INSERT INTO jucatori VALUES('60769','Piturca','Victor','Musatini,15',3,'1821248296758','0723413299','0342243618','victor@yahoo.com');
INSERT INTO jucatori VALUES('21005','Fotache','Vlad','B-dul.Tutora,Bl.A2,Sc.B,Ap,18',4,'1821248227760','0724638994','0231243526','vlad@yahoo.com');
INSERT INTO jucatori VALUES('50296','Iliescu','Virgil','Pta.Unirii,Bl.C4,Sc.B,Ap.2',5,'1827208726368','0745271944','0451201243','virgil@yahoo.com');
INSERT INTO jucatori VALUES('16390','Manta','Tiberiu','Canta,Bl.A2,Sc.A,Ap.34',1,'1824207227268','0744221119','0215392574','tiberiu@yahoo.com');
INSERT INTO jucatori VALUES('86043','Muresan','Marius','V.Alecsandri,42',2,'1821248286768','0740997226','0412102351','marius@yahoo.com');
INSERT INTO jucatori VALUES('21720','Tasca','Stefan','Trotus,Bl.C1,Sc.C,Ap.11',3,'1829208226768','0723116772','0232516483','stefan2@yahoo.com');
INSERT INTO jucatori VALUES('50395','Potorac','Sorin','Mircea.Cel.Batran,24',4,'1820208526265','0745362119','0231321541','sorinp@yahoo.com');


DELETE from contract;
INSERT INTO contract VALUES(13245,'13568',to_date('24/08/2004','DD/MM/YYYY'),to_date('25/08/2005','DD/MM/YYYY'),7000000,'Suma de contract este in EURO');
INSERT INTO contract VALUES(41928,'37679',to_date('12/09/2003','DD/MM/YYYY'),to_date('12/09/2005','DD/MM/YYYY'),3000000,'Suma de contract este in DOLARI');
INSERT INTO contract VALUES(65705,'83746',to_date('29/10/2004','DD/MM/YYYY'),to_date('29/10/2005','DD/MM/YYYY'),2700000,'Suma de contract este in EURO');
INSERT INTO contract VALUES(29389,'90875',to_date('08/03/2003','DD/MM/YYYY'),to_date('08/04/2005','DD/MM/YYYY'),4000000,'Suma de contract este in DOLARI');
INSERT INTO contract VALUES(28347,'30970',to_date('12/11/2004','DD/MM/YYYY'),to_date('25/08/2005','DD/MM/YYYY'),1000000,'Suma de contract este in EURO');
INSERT INTO contract VALUES(20947,'28298',to_date('15/02/2004','DD/MM/YYYY'),to_date('15/08/2005','DD/MM/YYYY'),4300000,'Suma de contract este in DOLARI');
INSERT INTO contract VALUES(73643,'83749',to_date('29/04/2004','DD/MM/YYYY'),to_date('27/09/2005','DD/MM/YYYY'),6900000,'Suma de contract este in EURO');
INSERT INTO contract VALUES(19734,'97863',to_date('13/06/2004','DD/MM/YYYY'),to_date('08/09/2005','DD/MM/YYYY'),4200000,'Suma de contract este in DOLARI');
INSERT INTO contract VALUES(89237,'77735',to_date('24/08/2004','DD/MM/YYYY'),to_date('25/08/2005','DD/MM/YYYY'),3900000,'Suma de contract este in EURO');
INSERT INTO contract VALUES(90147,'10037',to_date('24/08/2004','DD/MM/YYYY'),to_date('25/08/2005','DD/MM/YYYY'),9800000,'Suma de contract este in DOLARI');
INSERT INTO contract VALUES(38947,'89037',to_date('19/05/2004','DD/MM/YYYY'),to_date('19/05/2005','DD/MM/YYYY'),1210000,'Suma de contract este in EURO');
INSERT INTO contract VALUES(34789,'23780',to_date('18/01/2004','DD/MM/YYYY'),to_date('18/01/2005','DD/MM/YYYY'),7699000,'Suma de contract este in DOLARI');
INSERT INTO contract VALUES(38903,'18884',to_date('17/11/2004','DD/MM/YYYY'),to_date('26/11/2005','DD/MM/YYYY'),2356000,'Suma de contract este in EURO');
INSERT INTO contract VALUES(23483,'20292',to_date('19/04/2004','DD/MM/YYYY'),to_date('19/04/2005','DD/MM/YYYY'),3738900,'Suma de contract este in DOLARI');
INSERT INTO contract VALUES(89089,'89034',to_date('08/04/2004','DD/MM/YYYY'),to_date('08/04/2005','DD/MM/YYYY'),7668800,'Suma de contract este in EURO');
INSERT INTO contract VALUES(34785,'38906',to_date('16/07/2004','DD/MM/YYYY'),to_date('16/07/2005','DD/MM/YYYY'),3478000,'Suma de contract este in DOLARI');
INSERT INTO contract VALUES(31687,'83921',to_date('17/04/2004','DD/MM/YYYY'),to_date('17/04/2005','DD/MM/YYYY'),5630000,'Suma de contract este in EURO');
INSERT INTO contract VALUES(27816,'31737',to_date('16/07/2004','DD/MM/YYYY'),to_date('16/07/2005','DD/MM/YYYY'),6122000,'Suma de contract este in DOLARI');
INSERT INTO contract VALUES(34827,'63045',to_date('19/10/2004','DD/MM/YYYY'),to_date('19/10/2005','DD/MM/YYYY'),5133000,'Suma de contract este in EURO');
INSERT INTO contract VALUES(38731,'31739',to_date('15/08/2004','DD/MM/YYYY'),to_date('15/09/2005','DD/MM/YYYY'),6183000,'Suma de contract este in DOLARI');
INSERT INTO contract VALUES(67303,'59301',to_date('12/09/2004','DD/MM/YYYY'),to_date('12/09/2005','DD/MM/YYYY'),8167000,'Suma de contract este in EURO');
INSERT INTO contract VALUES(56937,'17089',to_date('28/06/2004','DD/MM/YYYY'),to_date('25/06/2005','DD/MM/YYYY'),3190000,'Suma de contract este in DOLARI');
INSERT INTO contract VALUES(86754,'60769',to_date('14/09/2004','DD/MM/YYYY'),to_date('14/09/2005','DD/MM/YYYY'),2518000,'Suma de contract este in EURO');
INSERT INTO contract VALUES(85664,'21005',to_date('07/06/2004','DD/MM/YYYY'),to_date('07/06/2005','DD/MM/YYYY'),3618000,'Suma de contract este in DOLARI');
INSERT INTO contract VALUES(86797,'50296',to_date('10/11/2004','DD/MM/YYYY'),to_date('10/12/2005','DD/MM/YYYY'),3510000,'Suma de contract este in EURO');
INSERT INTO contract VALUES(86569,'16390',to_date('04/07/2004','DD/MM/YYYY'),to_date('04/07/2005','DD/MM/YYYY'),3510000,'Suma de contract este in DOLARI');
INSERT INTO contract VALUES(69854,'86043',to_date('17/02/2004','DD/MM/YYYY'),to_date('17/02/2005','DD/MM/YYYY'),6131000,'Suma de contract este in EURO');
INSERT INTO contract VALUES(59754,'21720',to_date('19/12/2004','DD/MM/YYYY'),to_date('13/12/2005','DD/MM/YYYY'),3613000,'Suma de contract este in DOLARI');
INSERT INTO contract VALUES(47980,'50395',to_date('24/01/2004','DD/MM/YYYY'),to_date('24/01/2005','DD/MM/YYYY'),2719000,'Suma de contract este in EURO');

DELETE FROM puncte;
INSERT INTO puncte VALUES(0,1,'2002-2003',0,0,0,0);
INSERT INTO puncte VALUES(1,2,'2002-2003',0,0,0,0);
INSERT INTO puncte VALUES(2,3,'2002-2003',0,0,0,0);
INSERT INTO puncte VALUES(3,4,'2002-2003',0,0,0,0);
INSERT INTO puncte VALUES(4,5,'2002-2003',0,0,0,0);


DELETE from meciuri;
INSERT INTO meciuri VALUES('Meci1',to_date('20/09/2004','DD/MM/YYYY'),123,2,'Bundesliga',1,1,'11:05','13:00',2,4,2,1,0,1,5);
INSERT INTO meciuri VALUES('Meci2',to_date('13/08/2004', 'DD/MM/YYYY'),201,3,'Bundesliga',1,3,'10:03','11:45',3,2,1,0,1,2,4);
INSERT INTO meciuri VALUES('Meci3',to_date('15/11/2004', 'DD/MM/YYYY'),126,8,'Bundesliga',2,1,'09:12','19:56',2,1,0,0,0,3,2);
INSERT INTO meciuri VALUES('Meci4',to_date('03/10/2004', 'DD/MM/YYYY'),721,2,'Bundesliga',0,1,'15:32','17:18',6,2,1,1,1,4,3);
INSERT INTO meciuri VALUES('Meci5',to_date('05/09/2004', 'DD/MM/YYYY'),243,7,'Bundesliga',1,1,'16:24','18:43',2,3,0,0,0,5,1);
INSERT INTO meciuri VALUES('Meci6',to_date('04/01/2004', 'DD/MM/YYYY'),263,2,'Bundesliga',2,0,'13:08','15:36',3,4,1,1,0,1,2);
INSERT INTO meciuri VALUES('Meci7',to_date('12/12/2004', 'DD/MM/YYYY'),277,5,'Bundesliga',1,2,'12:35','14:12',1,2,2,1,0,2,3);
INSERT INTO meciuri VALUES('Meci8',to_date('01/07/2004', 'DD/MM/YYYY'),835,1,'Bundesliga',3,1,'15:20','17:13',4,3,1,1,1,3,4);
INSERT INTO meciuri VALUES('Meci9',to_date('12/06/2004', 'DD/MM/YYYY'),651,7,'Bundesliga',0,2,'12:40','14:20',3,5,2,0,1,4,5);
INSERT INTO meciuri VALUES('Meci10',to_date('06/08/2004', 'DD/MM/YYYY'),269,3,'Bundesliga',2,1,'10:10','11:50',2,1,1,1,1,5,2);
INSERT INTO meciuri VALUES('Meci11',to_date('03/02/2004', 'DD/MM/YYYY'),276,5,'Bundesliga',1,0,'18:20','20:00',3,2,1,1,1,1,4);
INSERT INTO meciuri VALUES('Meci12',to_date('05/03/2004', 'DD/MM/YYYY'),122,2,'Bundesliga',0,0,'21:30','22:04',4,3,1,0,1,2,4);
INSERT INTO meciuri VALUES('Meci13',to_date('04/10/2004', 'DD/MM/YYYY'),363,3,'Bundesliga',0,1,'14:19','15:58',2,2,1,0,1,3,5);
INSERT INTO meciuri VALUES('Meci14',to_date('08/10/2004', 'DD/MM/YYYY'),479,1,'Bundesliga',0,1,'20:25','22:12',1,1,2,1,0,4,1);
INSERT INTO meciuri VALUES('Meci15',to_date('23/07/2004', 'DD/MM/YYYY'),165,4,'Bundesliga',1,1,'16:15','18:00',2,3,1,0,1,5,4);
INSERT INTO meciuri VALUES('Meci16',to_date('11/11/2004', 'DD/MM/YYYY'),265,1,'Bundesliga',1,1,'12:10','13:45',3,3,2,0,1,1,3);
INSERT INTO meciuri VALUES('Meci17',to_date('09/07/2004', 'DD/MM/YYYY'),499,7,'Bundesliga',2,2,'14:14','16:28',2,4,2,1,1,2,3);
INSERT INTO meciuri VALUES('Meci18',to_date('02/05/2004', 'DD/MM/YYYY'),189,3,'Bundesliga',1,1,'15:24','17:29',3,4,1,1,0,3,5);


DELETE FROM transferuri;
INSERT INTO transferuri VALUES('Transfer1','13568',1,5,1000000,to_date('12/09/2004', 'DD/MM/YYYY'));
INSERT INTO transferuri VALUES('Transfer2','37679',2,5,2000000,to_date('11/12/2004', 'DD/MM/YYYY'));
INSERT INTO transferuri VALUES('Transfer3','83746',3,5,1300000,to_date('04/08/2004', 'DD/MM/YYYY'));
INSERT INTO transferuri VALUES('Transfer4','90875',4,5,2600000,to_date('23/06/2004', 'DD/MM/YYYY'));
INSERT INTO transferuri VALUES('Transfer5','30970',5,4,2500000,to_date('03/07/2003', 'DD/MM/YYYY'));
INSERT INTO transferuri VALUES('Transfer6','28298',1,4,1600000,to_date('21/02/2003', 'DD/MM/YYYY'));
INSERT INTO transferuri VALUES('Transfer7','83749',2,4,2400000,to_date('12/10/2004', 'DD/MM/YYYY'));
INSERT INTO transferuri VALUES('Transfer8','97863',3,4,1400000,to_date('08/04/2004', 'DD/MM/YYYY'));
INSERT INTO transferuri VALUES('Transfer9','77735',4,1,2300000,to_date('09/07/2004', 'DD/MM/YYYY'));
INSERT INTO transferuri VALUES('Transfer10','10037',5,1,2100000,to_date('04/01/2004', 'DD/MM/YYYY'));
INSERT INTO transferuri VALUES('Transfer11','89037',1,2,1900000,to_date('09/03/2004', 'DD/MM/YYYY'));
INSERT INTO transferuri VALUES('Transfer12','23780',2,1,1500000,to_date('28/11/2004', 'DD/MM/YYYY'));
INSERT INTO transferuri VALUES('Transfer14','20292',3,1,2800000,to_date('08/12/2003', 'DD/MM/YYYY'));
INSERT INTO transferuri VALUES('Transfer15','89034',4,1,1800000,to_date('03/05/2004', 'DD/MM/YYYY'));
INSERT INTO transferuri VALUES('Transfer17','83921',5,2,3000000,to_date('05/07/2004', 'DD/MM/YYYY'));
INSERT INTO transferuri VALUES('Transfer18','31737',1,2,3200000,to_date('09/04/2004', 'DD/MM/YYYY'));
INSERT INTO transferuri VALUES('Transfer19','63045',2,3,3900000,to_date('11/10/2004', 'DD/MM/YYYY'));
INSERT INTO transferuri VALUES('Transfer20','31739',3,2,2200000,to_date('02/12/2004', 'DD/MM/YYYY'));
INSERT INTO transferuri VALUES('Transfer21','59301',4,2,2400000,to_date('06/10/2004', 'DD/MM/YYYY'));
INSERT INTO transferuri VALUES('Transfer22','17089',5,3,3500000,to_date('12/03/2004', 'DD/MM/YYYY'));
INSERT INTO transferuri VALUES('Transfer23','60769',1,3,2900000,to_date('07/02/2003', 'DD/MM/YYYY'));
INSERT INTO transferuri VALUES('Transfer24','21005',2,3,3700000,to_date('03/07/2004', 'DD/MM/YYYY'));
INSERT INTO transferuri VALUES('Transfer25','50296',3,5,2700000,to_date('24/09/2004', 'DD/MM/YYYY'));
INSERT INTO transferuri VALUES('Transfer26','16390',4,3,1130000,to_date('10/03/2004', 'DD/MM/YYYY'));
INSERT INTO transferuri VALUES('Transfer27','86043',5,3,1350000,to_date('01/04/2004', 'DD/MM/YYYY'));
INSERT INTO transferuri VALUES('Transfer28','21720',1,3,1280000,to_date('12/07/2003', 'DD/MM/YYYY'));
INSERT INTO transferuri VALUES('Transfer29','50395',2,5,1640000,to_date('06/06/2004', 'DD/MM/YYYY'));

DELETE FROM jucatori_meciuri;
INSERT INTO jucatori_meciuri VALUES('Meci1',1,'13568','26','16','15:00','16:00','10','Fundas');
INSERT INTO jucatori_meciuri VALUES('Meci2',2,'37679','17','14','15:30','17:30','7','Mijlocas');
INSERT INTO jucatori_meciuri VALUES('Meci3',3,'83746','40','35','12:25','14:07','2','Portar');
INSERT INTO jucatori_meciuri VALUES('Meci4',4,'90875','28','19','07:00','08:41','1','Atacant');
INSERT INTO jucatori_meciuri VALUES('Meci5',5,'30970','07','67','12:10','13:45','19','Fundas');	
INSERT INTO jucatori_meciuri VALUES('Meci6',1,'28298','32','87','18:25','20:06','13','Atacant');
INSERT INTO jucatori_meciuri VALUES('Meci7',2,'83749','15','48','13:50','15:38','6','Mijlocas');
INSERT INTO jucatori_meciuri VALUES('Meci8',3,'97863','38','57','16:40','18:15','4','Atacant');
INSERT INTO jucatori_meciuri VALUES('Meci9',4,'77735','63','09','17:55','19:41','2','Atacant');
INSERT INTO jucatori_meciuri VALUES('Meci10',5,'10037','75','26','19:05','20:42','21','Atacant');
INSERT INTO jucatori_meciuri VALUES('Meci11',1,'89037','10','20','21:25','22:50','5','Portar');
INSERT INTO jucatori_meciuri VALUES('Meci12',2,'23780','11','36','21:50','23:05','11','Atacant');
INSERT INTO jucatori_meciuri VALUES('Meci13',3,'18884','19','29','14:40','16:10','14','Mijlocas');
INSERT INTO jucatori_meciuri VALUES('Meci14',4,'89034','04','60','19:50','21:17','12','Atacant');
INSERT INTO jucatori_meciuri VALUES('Meci15',5,'38906','72','41','11:30','13:05','17','Atacant');
INSERT INTO jucatori_meciuri VALUES('Meci16',1,'83921','43','39','12:40','15:16','3','Fundas');
INSERT INTO jucatori_meciuri VALUES('Meci17',2,'31737','37','50','17:25','18:58','6','Atacant');
INSERT INTO jucatori_meciuri VALUES('Meci18',3,'63045','42','74','10:00','11:44','8','Atacant');

DELETE FROM meciuri_goluri;
INSERT INTO meciuri_goluri VALUES(1,'Meci1',1,'26','13568','Nu exista cartonase rosii in acest meci');
INSERT INTO meciuri_goluri VALUES(3,'Meci2',2,'57','37679','Nu exista cartonase rosii in acest meci');
INSERT INTO meciuri_goluri VALUES(2,'Meci3',3,'29','83746','Nu exista cartonase rosii in acest meci');
INSERT INTO meciuri_goluri VALUES(1,'Meci4',4,'38','90875','Nu exista cartonase rosii in acest meci');
INSERT INTO meciuri_goluri VALUES(2,'Meci5',5,'83','30970','Nu exista cartonase rosii in acest meci');
INSERT INTO meciuri_goluri VALUES(3,'Meci6',1,'62','28298','Nu exista cartonase rosii in acest meci');
INSERT INTO meciuri_goluri VALUES(1,'Meci7',2,'18','83749','Nu exista cartonase rosii in acest meci');
INSERT INTO meciuri_goluri VALUES(2,'Meci8',3,'23','97863','Nu exista cartonase rosii in acest meci');
INSERT INTO meciuri_goluri VALUES(1,'Meci9',4,'50','77735','Nu exista cartonase rosii in acest meci');
INSERT INTO meciuri_goluri VALUES(3,'Meci10',5,'10','10037','Nu exista cartonase rosii in acest meci');
INSERT INTO meciuri_goluri VALUES(1,'Meci11',1,'90','89037','Nu exista cartonase rosii in acest meci');
INSERT INTO meciuri_goluri VALUES(4,'Meci12',2,'87','23780','Nu exista cartonase rosii in acest meci');
INSERT INTO meciuri_goluri VALUES(3,'Meci13',3,'73','18884','Nu exista cartonase rosii in acest meci');
INSERT INTO meciuri_goluri VALUES(1,'Meci14',4,'65','89034','Nu exista cartonase rosii in acest meci');
INSERT INTO meciuri_goluri VALUES(2,'Meci15',5,'58','38906','Nu exista cartonase rosii in acest meci');
INSERT INTO meciuri_goluri VALUES(1,'Meci16',1,'46','83921','Nu exista cartonase rosii in acest meci');
INSERT INTO meciuri_goluri VALUES(4,'Meci17',2,'31','31737','Nu exista cartonase rosii in acest meci');
INSERT INTO meciuri_goluri VALUES(2,'Meci18',3,'20','59301','Nu exista cartonase rosii in acest meci');




